{
  "a516261fb9cb309e3b3d1116a192ecfc2a70fbad.png": {
    "title": "Burst white",
    "description": "Source: ODI",
    "tags": [
      {
        "title": "ODI splash",
        "_id": "58480b904d7b7e82691e4bb2"
      }
    ]
  },
  "ecc29cb1588c4f76a0bcf5e2f706110c960c328a.jpg": {
    "title": "People data",
    "description": "Network people",
    "tags": [
      {
        "title": "network",
        "_id": "584ff4d94e62ce485eb145c2"
      },
      {
        "title": "Data",
        "_id": "584804154d7b7e82691e4ba7"
      },
      {
        "title": "people",
        "_id": "584ed53e4e62ce485eb14558"
      }
    ]
  },
  "cb37a73180b59df11864f4753fdf885a658888d4.jpg": {
    "title": "People network (430x430)",
    "description": "People network (430x430)",
    "source": "http://www.shutterstock.com/pic.mhtml?id=58591429&src=lb-36497927\n",
    "licence": "Shutterstock standard licence",
    "attribution": "higyou",
    "tags": [
      {
        "title": "Linked",
        "_id": "5848003c4d7b7e82691e4b9a"
      },
      {
        "title": "Cartoon",
        "_id": "584800d44d7b7e82691e4b9b"
      }
    ]
  },
  "14fad81b7ca38acf03071734b8362c47fd3d3997.jpg": {
    "title": "Keyboard application ",
    "description": "Keyboard application ",
    "source": "http://www.shutterstock.com/pic.mhtml?id=154744388&src=lb-35924366",
    "licence": "Shutterstock standard licence",
    "attribution": "Oleksiy Mark",
    "tags": [
      {
        "title": "Generic",
        "_id": "584803254d7b7e82691e4ba2"
      },
      {
        "title": "Cartoon",
        "_id": "584800d44d7b7e82691e4b9b"
      },
      {
        "title": "Cartoon set 3",
        "_id": "58482a294d7b7e82691e4bc3"
      },
      {
        "title": "computer",
        "_id": "587e3218b61c46e176e7e3ab"
      }
    ]
  },
  "1497c2f21a066474c61b08652c841ee6768bfea3.jpg": {
    "title": "Blocks squares",
    "description": "Blocks squares",
    "source": "https://www.shutterstock.com/image-illustration/colorful-cubes-four-levels-abstract-background-200818673?src=lb-36497927",
    "licence": "Shutterstock standard licence",
    "attribution": "April Cat",
    "tags": [
      {
        "title": "Generic",
        "_id": "584803254d7b7e82691e4ba2"
      },
      {
        "title": "Cartoon",
        "_id": "584800d44d7b7e82691e4b9b"
      },
      {
        "title": "blocks",
        "_id": "58bebc1ad084d5167a04ae2c"
      },
      {
        "title": "squares",
        "_id": "58bed9e2d084d5167a04ae79"
      }
    ]
  },
  "7568d4e6525afec48542947a9652b9dc61089c4d.png": {
    "title": "Screen Shot 2016-11-04 at 11.40.03.png",
    "description": "mine",
    "tags": [
      {
        "title": "Sainsburys",
        "_id": "584803574d7b7e82691e4ba3"
      },
      {
        "title": "Graph",
        "_id": "584802064d7b7e82691e4b9e"
      }
    ]
  },
  "4a5548a294f4e953d38166b6fbe45df470a36676.png": {
    "title": "Screen Shot 2016-11-04 at 12.13.07.png",
    "description": "SE small",
    "tags": [
      {
        "title": "client logos",
        "_id": "5847f8624d7b7e82691e4b8a"
      },
      {
        "title": "Sport England",
        "_id": "584802784d7b7e82691e4ba0"
      }
    ]
  },
  "ded96d5854bb8d6e2afb6e601a66238c545703b7.jpg": {
    "title": "data information knowledge triangle",
    "description": "data information knowledge triangle 1",
    "source": "http://www.shutterstock.com/pic.mhtml?id=240789808&src=lb-35924366",
    "licence": "Shutterstock standard licence",
    "attribution": "Anna Frajtova",
    "tags": [
      {
        "title": "Data",
        "_id": "584804154d7b7e82691e4ba7"
      },
      {
        "title": "Cartoon",
        "_id": "584800d44d7b7e82691e4b9b"
      },
      {
        "title": "Icon",
        "_id": "5848015e4d7b7e82691e4b9c"
      },
      {
        "title": "Cartoon set 3",
        "_id": "58482a294d7b7e82691e4bc3"
      },
      {
        "title": "knowledge",
        "_id": "58bd85cfd084d5167a04adae"
      },
      {
        "title": "information",
        "_id": "58bd85d1d084d5167a04adaf"
      },
      {
        "title": "DIK triangle",
        "_id": "58bd85d6d084d5167a04adb0"
      }
    ]
  },
  "8b10a4fbd6879db59bbb5defc637cf344b88eabf.jpg": {
    "title": "Data Information Knowledge Triangle 2 ",
    "description": "Data Information Knowledge Triangle 2 ",
    "source": "https://www.shutterstock.com/image-vector/travel-flat-vector-background-217763944?src=lb-35924366",
    "licence": "Shutterstock standard licence",
    "attribution": "Sachezi ",
    "tags": [
      {
        "title": "Data",
        "_id": "584804154d7b7e82691e4ba7"
      },
      {
        "title": "Cartoon",
        "_id": "584800d44d7b7e82691e4b9b"
      },
      {
        "title": "Icon",
        "_id": "5848015e4d7b7e82691e4b9c"
      },
      {
        "title": "Cartoon set 3",
        "_id": "58482a294d7b7e82691e4bc3"
      }
    ]
  },
  "ec7529be2f11d06ce25c6646a724e104cf2ff910.jpg": {
    "title": "Data Information Knowledge Triangle 3 ",
    "description": "Data Information Knowledge Triangle 3 ",
    "source": "http://www.shutterstock.com/pic.mhtml?id=250810483&src=lb-35924366",
    "licence": "Shutterstock standard licence",
    "attribution": "Oleksiy Mark ",
    "tags": [
      {
        "title": "Data",
        "_id": "584804154d7b7e82691e4ba7"
      },
      {
        "title": "Cartoon",
        "_id": "584800d44d7b7e82691e4b9b"
      },
      {
        "title": "Icon",
        "_id": "5848015e4d7b7e82691e4b9c"
      },
      {
        "title": "Cartoon set 3",
        "_id": "58482a294d7b7e82691e4bc3"
      }
    ]
  },
  "5137df5ae627c0cbfd5b8b2a267769e2878d7905.png": {
    "title": "Charts Magnifying Glass ",
    "description": "Charts Magnifying Glass ",
    "source": "https://www.shutterstock.com/image-vector/vector-graph-flat-illustration-255896113",
    "licence": "Shutterstock standard licence",
    "attribution": "Pretty Vectors",
    "tags": [
      {
        "title": "Cartoon",
        "_id": "584800d44d7b7e82691e4b9b"
      },
      {
        "title": "Graph",
        "_id": "584802064d7b7e82691e4b9e"
      }
    ]
  },
  "1eef9340d96e57e84343777b61a3c23d138d02d7.jpg": {
    "title": "Wall Graffiti Ideas strategy",
    "description": "Wall Graffiti Ideas",
    "source": "http://www.shutterstock.com/pic.mhtml?id=149924576&src=lb-35924366",
    "licence": "Shutterstock standard licence",
    "attribution": "Sergey Nivens",
    "tags": [
      {
        "title": "Cartoon",
        "_id": "584800d44d7b7e82691e4b9b"
      },
      {
        "title": "Photo",
        "_id": "584801b24d7b7e82691e4b9d"
      },
      {
        "title": "Design",
        "_id": "5848066f4d7b7e82691e4bab"
      }
    ]
  },
  "194749d6a3d955ccf1327dff670d11d82f1e5892.jpg": {
    "title": "Green earth hands planet",
    "description": "Green earth hands planet",
    "source": "http://www.shutterstock.com/pic-185008832",
    "licence": "Shutterstock standard licence",
    "attribution": "suarassawadee",
    "tags": [
      {
        "title": "Photo",
        "_id": "584801b24d7b7e82691e4b9d"
      },
      {
        "title": "Cartoon",
        "_id": "584800d44d7b7e82691e4b9b"
      },
      {
        "title": "Global",
        "_id": "584802d14d7b7e82691e4ba1"
      }
    ]
  },
  "4d0e90f8a701b90a49898fd147c75a0149ca472f.jpg": {
    "title": "Wall Graffiti Ideas strategy",
    "description": "Wall Graffiti Ideas",
    "source": "http://www.shutterstock.com/pic.mhtml?id=149924576&src=lb-35924366",
    "licence": "Shutterstock standard licence",
    "attribution": "Sergey Nivens",
    "tags": [
      {
        "title": "Cartoon",
        "_id": "584800d44d7b7e82691e4b9b"
      },
      {
        "title": "Photo",
        "_id": "584801b24d7b7e82691e4b9d"
      },
      {
        "title": "Design",
        "_id": "5848066f4d7b7e82691e4bab"
      }
    ]
  },
  "058efd2b2a6d2b093d8172d6add76eef8fe8d06b.jpg": {
    "title": "Data Information Knowledge Triangle 3 (small)",
    "description": "Data Information Knowledge Triangle 3 ",
    "source": "http://www.shutterstock.com/pic.mhtml?id=250810483&src=lb-35924366",
    "licence": "Shutterstock standard licence",
    "attribution": "Oleksiy Mark ",
    "tags": [
      {
        "title": "Data",
        "_id": "584804154d7b7e82691e4ba7"
      },
      {
        "title": "Cartoon",
        "_id": "584800d44d7b7e82691e4b9b"
      },
      {
        "title": "Cartoon set 3",
        "_id": "58482a294d7b7e82691e4bc3"
      }
    ]
  },
  "e9bfc830784387f82fd0b7576fdd19a235432d2e.png": {
    "title": "summary-icon.png",
    "description": "summary-icon.png",
    "tags": [
      {
        "title": "ODI splash",
        "_id": "58480b904d7b7e82691e4bb2"
      },
      {
        "title": "Icon",
        "_id": "5848015e4d7b7e82691e4b9c"
      }
    ]
  },
  "e91c6759bf0c2ffded3781b0895c6629bae11edd.jpg": {
    "title": "services_430x430.jpg",
    "description": "services, delivery, demand",
    "source": "https://www.shutterstock.com/image-vector/colored-paper-pointers-signs-navigation-mapvector-154597898",
    "licence": "Shutterstock standard licence",
    "attribution": "Leone_V",
    "tags": [
      {
        "title": "Map",
        "_id": "584808d54d7b7e82691e4bae"
      },
      {
        "title": "Global",
        "_id": "584802d14d7b7e82691e4ba1"
      },
      {
        "title": "Cartoon",
        "_id": "584800d44d7b7e82691e4b9b"
      },
      {
        "title": "services",
        "_id": "584ff7b44e62ce485eb145d2"
      },
      {
        "title": "delivery",
        "_id": "58bebc8bd084d5167a04ae32"
      },
      {
        "title": "demand",
        "_id": "58bebc8dd084d5167a04ae33"
      }
    ]
  },
  "3e197aafa301f5e5ba9831a5f6aaa48b7b2cb48d.png": {
    "title": "Value matrix.png",
    "description": "val matrix",
    "tags": [
      {
        "title": "Sainsburys",
        "_id": "584803574d7b7e82691e4ba3"
      },
      {
        "title": "Graph",
        "_id": "584802064d7b7e82691e4b9e"
      }
    ]
  },
  "7c9694500a5abd685a4c7e162d12e6410f944aee.jpg": {
    "title": "clean.jpg",
    "description": "clean",
    "tags": [
      {
        "title": "Photo",
        "_id": "584801b24d7b7e82691e4b9d"
      },
      {
        "title": "cleaning",
        "_id": "5847ffa04d7b7e82691e4b92"
      },
      {
        "title": "Design",
        "_id": "5848066f4d7b7e82691e4bab"
      }
    ]
  },
  "94c4c63ec48f60d70c5e410b4f75b5f07ff640c2.jpg": {
    "title": "odi-010.jpg",
    "description": "clean 2",
    "tags": [
      {
        "title": "Photo",
        "_id": "584801b24d7b7e82691e4b9d"
      },
      {
        "title": "cleaning",
        "_id": "5847ffa04d7b7e82691e4b92"
      }
    ]
  },
  "ac8ed9a5107f9fa9e722fd5917db7325e48cbe49.jpg": {
    "title": "visibility.jpg",
    "description": "viz",
    "tags": [
      {
        "title": "Cartoon",
        "_id": "584800d44d7b7e82691e4b9b"
      },
      {
        "title": "Generic",
        "_id": "584803254d7b7e82691e4ba2"
      }
    ]
  },
  "6c7080e50bf28b8f426c36d7aae46054efd07a5d.png": {
    "title": "Search.png",
    "description": "Credit: Business vector designed by Photoroyalty - Freepik.com\nSource: http://www.freepik.com/free-photos-vectors/business",
    "tags": [
      {
        "title": "Cartoon",
        "_id": "584800d44d7b7e82691e4b9b"
      },
      {
        "title": "Cartoon Set 1",
        "_id": "5848025e4d7b7e82691e4b9f"
      }
    ]
  },
  "a0b64fbcfb16d3b4f910241fc4c23532f28b16eb.png": {
    "title": "Apps.png",
    "description": "Credit: Business vector designed by Photoroyalty - Freepik.com\nSource: http://www.freepik.com/free-photos-vectors/business",
    "tags": [
      {
        "title": "Communication",
        "_id": "5848000d4d7b7e82691e4b95"
      },
      {
        "title": "Tech",
        "_id": "5848043c4d7b7e82691e4ba8"
      },
      {
        "title": "Cartoon",
        "_id": "584800d44d7b7e82691e4b9b"
      },
      {
        "title": "Cartoon Set 1",
        "_id": "5848025e4d7b7e82691e4b9f"
      }
    ]
  },
  "2a42768ff03abf1a85bed1ac865496094550d05d.png": {
    "title": "Research.png",
    "description": "Credit: Business vector designed by Photoroyalty - Freepik.com\nSource: http://www.freepik.com/free-photos-vectors/business",
    "tags": [
      {
        "title": "Cartoon",
        "_id": "584800d44d7b7e82691e4b9b"
      },
      {
        "title": "Cartoon Set 1",
        "_id": "5848025e4d7b7e82691e4b9f"
      }
    ]
  },
  "7516254033f754012c066c1f18adc9245b3f8c96.png": {
    "title": "Strategy.png",
    "description": "Credit: Business vector designed by Photoroyalty - Freepik.com\nSource: http://www.freepik.com/free-photos-vectors/business",
    "tags": [
      {
        "title": "Cartoon Set 1",
        "_id": "5848025e4d7b7e82691e4b9f"
      },
      {
        "title": "Cartoon",
        "_id": "584800d44d7b7e82691e4b9b"
      }
    ]
  },
  "a597f34bac537d9292483a6dd07bf46d798b4b0e.png": {
    "title": "Work.png",
    "description": "Credit: Business vector designed by Photoroyalty - Freepik.com\nSource: http://www.freepik.com/free-photos-vectors/business",
    "tags": [
      {
        "title": "Cartoon",
        "_id": "584800d44d7b7e82691e4b9b"
      },
      {
        "title": "Cartoon Set 1",
        "_id": "5848025e4d7b7e82691e4b9f"
      },
      {
        "title": "Communication",
        "_id": "5848000d4d7b7e82691e4b95"
      },
      {
        "title": "Graph",
        "_id": "584802064d7b7e82691e4b9e"
      },
      {
        "title": "Design",
        "_id": "5848066f4d7b7e82691e4bab"
      }
    ]
  },
  "21d638508a78a46d2d0d79095fef8880344e76cb.png": {
    "title": "Goal.png",
    "description": "Credit: Business vector designed by Photoroyalty - Freepik.com\nSource: http://www.freepik.com/free-photos-vectors/business",
    "tags": [
      {
        "title": "Cartoon",
        "_id": "584800d44d7b7e82691e4b9b"
      },
      {
        "title": "Cartoon Set 1",
        "_id": "5848025e4d7b7e82691e4b9f"
      },
      {
        "title": "Money",
        "_id": "584806f34d7b7e82691e4bac"
      }
    ]
  },
  "52eeac4ca46808f02cfb319311c8d303da482143.png": {
    "title": "Marketing.png",
    "description": "Credit: Business vector designed by Photoroyalty - Freepik.com\nSource: http://www.freepik.com/free-photos-vectors/business",
    "tags": [
      {
        "title": "Cartoon",
        "_id": "584800d44d7b7e82691e4b9b"
      },
      {
        "title": "Cartoon Set 1",
        "_id": "5848025e4d7b7e82691e4b9f"
      },
      {
        "title": "Communication",
        "_id": "5848000d4d7b7e82691e4b95"
      }
    ]
  },
  "530e9131ffe8c5ab041603521e85f5c62c60a992.png": {
    "title": "Data Management.png",
    "description": "Credit: Business vector designed by Photoroyalty - Freepik.com\nSource: http://www.freepik.com/free-photos-vectors/business",
    "tags": [
      {
        "title": "Data",
        "_id": "584804154d7b7e82691e4ba7"
      },
      {
        "title": "Tech",
        "_id": "5848043c4d7b7e82691e4ba8"
      },
      {
        "title": "Cartoon",
        "_id": "584800d44d7b7e82691e4b9b"
      },
      {
        "title": "Cartoon Set 1",
        "_id": "5848025e4d7b7e82691e4b9f"
      }
    ]
  },
  "0418c08832469a76dfed234441c353f52da122ee.png": {
    "title": "Design.png",
    "description": "Credit: Business vector designed by Photoroyalty - Freepik.com\nSource: http://www.freepik.com/free-photos-vectors/business",
    "tags": [
      {
        "title": "Design",
        "_id": "5848066f4d7b7e82691e4bab"
      },
      {
        "title": "Cartoon Set 1",
        "_id": "5848025e4d7b7e82691e4b9f"
      },
      {
        "title": "Cartoon",
        "_id": "584800d44d7b7e82691e4b9b"
      }
    ]
  },
  "eca25e280e51261ccf4ca7ff17215e79f6554f7d.png": {
    "title": "Plan.png",
    "description": "Credit: Business vector designed by Photoroyalty - Freepik.com\nSource: http://www.freepik.com/free-photos-vectors/business",
    "tags": [
      {
        "title": "Cartoon Set 1",
        "_id": "5848025e4d7b7e82691e4b9f"
      },
      {
        "title": "Cartoon",
        "_id": "584800d44d7b7e82691e4b9b"
      }
    ]
  },
  "9004395a0af7c84e67b9f3b994f082e2bdf66cf8.png": {
    "title": "Database.png",
    "description": "Credit: Business vector designed by Photoroyalty - Freepik.com\nSource: http://www.freepik.com/free-photos-vectors/business",
    "tags": [
      {
        "title": "Cartoon",
        "_id": "584800d44d7b7e82691e4b9b"
      },
      {
        "title": "Cartoon Set 1",
        "_id": "5848025e4d7b7e82691e4b9f"
      },
      {
        "title": "Data",
        "_id": "584804154d7b7e82691e4ba7"
      },
      {
        "title": "Business",
        "_id": "5848158b4d7b7e82691e4bbd"
      }
    ]
  },
  "8be028ca0cb2fb6873cbdceb0dfc2899e41bedaf.png": {
    "title": "Mission.png",
    "description": "Credit: Business vector designed by Photoroyalty - Freepik.com\nSource: http://www.freepik.com/free-photos-vectors/business",
    "tags": [
      {
        "title": "Cartoon",
        "_id": "584800d44d7b7e82691e4b9b"
      },
      {
        "title": "Cartoon Set 1",
        "_id": "5848025e4d7b7e82691e4b9f"
      }
    ]
  },
  "c76e953b722462498b1da45a7a926775d98c92cd.png": {
    "title": "Apps Narrative.png",
    "description": "Credit: Business vector designed by Photoroyalty - Freepik.com Source: http://www.freepik.com/free-photos-vectors/business",
    "tags": [
      {
        "title": "Cartoon",
        "_id": "584800d44d7b7e82691e4b9b"
      },
      {
        "title": "Cartoon Set 1",
        "_id": "5848025e4d7b7e82691e4b9f"
      },
      {
        "title": "Tech",
        "_id": "5848043c4d7b7e82691e4ba8"
      },
      {
        "title": "Communication",
        "_id": "5848000d4d7b7e82691e4b95"
      }
    ]
  },
  "d98166fe5e53590c73d3b2799165d40cc673675f.png": {
    "title": "Web Design Narrative.png",
    "description": "Credit: Business vector designed by Photoroyalty - Freepik.com Source: http://www.freepik.com/free-photos-vectors/business",
    "tags": [
      {
        "title": "Cartoon",
        "_id": "584800d44d7b7e82691e4b9b"
      },
      {
        "title": "Cartoon Set 1",
        "_id": "5848025e4d7b7e82691e4b9f"
      },
      {
        "title": "Tech",
        "_id": "5848043c4d7b7e82691e4ba8"
      },
      {
        "title": "Design",
        "_id": "5848066f4d7b7e82691e4bab"
      }
    ]
  },
  "dc0c48ea38e29e78256af34fa5510ab00b451be9.png": {
    "title": "Code Narrative.png",
    "description": "Credit: Business vector designed by Photoroyalty - Freepik.com Source: http://www.freepik.com/free-photos-vectors/business",
    "tags": [
      {
        "title": "Cartoon set 2",
        "_id": "584803c74d7b7e82691e4ba6"
      },
      {
        "title": "Data",
        "_id": "584804154d7b7e82691e4ba7"
      },
      {
        "title": "Cartoon",
        "_id": "584800d44d7b7e82691e4b9b"
      },
      {
        "title": "Tech",
        "_id": "5848043c4d7b7e82691e4ba8"
      }
    ]
  },
  "646fedef4dda0c487db02ed7fd84eba3f7ee87b7.png": {
    "title": "Value matrix (2).png",
    "description": "Credit: Ben Cave",
    "tags": []
  },
  "77128fd63d5f1eba87fefdd18c1eb4a90f6272ec.png": {
    "title": "Value matrix (3).png",
    "description": "BCAVE",
    "tags": [
      {
        "title": "Sainsburys",
        "_id": "584803574d7b7e82691e4ba3"
      }
    ]
  },
  "0130d46e987b04bb8076e6d1925506326f42e42b.png": {
    "title": "Screen Shot 2016-11-25 at 15.38.11.png",
    "description": "Credit: Business vector designed by Photoroyalty - Freepik.com Source: http://www.freepik.com/free-photos-vectors/business",
    "tags": [
      {
        "title": "Global",
        "_id": "584802d14d7b7e82691e4ba1"
      },
      {
        "title": "Cartoon",
        "_id": "584800d44d7b7e82691e4b9b"
      },
      {
        "title": "Cartoon Set 1",
        "_id": "5848025e4d7b7e82691e4b9f"
      },
      {
        "title": "Sport England",
        "_id": "584802784d7b7e82691e4ba0"
      }
    ]
  },
  "aba5e206eb3142b5bc445a4a4e98b0d497e6c85e.png": {
    "title": "Screen Shot 2016-11-25 at 15.37.25.png",
    "description": "Credit: Business vector designed by Photoroyalty - Freepik.com Source: http://www.freepik.com/free-photos-vectors/business",
    "tags": [
      {
        "title": "Cartoon",
        "_id": "584800d44d7b7e82691e4b9b"
      },
      {
        "title": "Cartoon Set 1",
        "_id": "5848025e4d7b7e82691e4b9f"
      },
      {
        "title": "Sport England",
        "_id": "584802784d7b7e82691e4ba0"
      }
    ]
  },
  "b615bacf5a103b37c178b3d4e26e69b87f33da25.png": {
    "title": "Screen Shot 2016-11-25 at 15.36.39.png",
    "description": "Credit: Business vector designed by Photoroyalty - Freepik.com Source: http://www.freepik.com/free-photos-vectors/business",
    "tags": [
      {
        "title": "Cartoon",
        "_id": "584800d44d7b7e82691e4b9b"
      },
      {
        "title": "Cartoon Set 1",
        "_id": "5848025e4d7b7e82691e4b9f"
      },
      {
        "title": "Sport England",
        "_id": "584802784d7b7e82691e4ba0"
      }
    ]
  },
  "6bacf6beda3fd05a2897d487648f3180f5fe53ef.png": {
    "title": "Screen Shot 2016-11-25 at 15.36.15.png",
    "description": "Credit: Business vector designed by Photoroyalty - Freepik.com Source: http://www.freepik.com/free-photos-vectors/business",
    "tags": [
      {
        "title": "Communicating",
        "_id": "584800284d7b7e82691e4b98"
      },
      {
        "title": "Cartoon",
        "_id": "584800d44d7b7e82691e4b9b"
      },
      {
        "title": "Cartoon Set 1",
        "_id": "5848025e4d7b7e82691e4b9f"
      },
      {
        "title": "Sport England",
        "_id": "584802784d7b7e82691e4ba0"
      }
    ]
  },
  "f36385e52b7136dbc69376e83cc9ed1269ff798e.png": {
    "title": "rosette.png",
    "description": "Rosette",
    "source": "https://pixabay.com/en/award-ribbon-rosette-blue-161090/",
    "licence": "CC0",
    "attribution": "Pixabay",
    "tags": [
      {
        "title": "Cartoon",
        "_id": "584800d44d7b7e82691e4b9b"
      },
      {
        "title": "Sport England",
        "_id": "584802784d7b7e82691e4ba0"
      },
      {
        "title": "quality",
        "_id": "58496a3c4d7b7e82691e4df3"
      },
      {
        "title": "rosette",
        "_id": "58496a3e4d7b7e82691e4df4"
      }
    ]
  },
  "ad9dde7114a0f52e48bd4578c4ebe5594a551cfe.png": {
    "title": "rosette",
    "description": "rosette",
    "source": "https://pixabay.com/en/award-ribbon-rosette-blue-161090/",
    "licence": "CC0",
    "attribution": "Pixabay",
    "tags": [
      {
        "title": "Cartoon",
        "_id": "584800d44d7b7e82691e4b9b"
      },
      {
        "title": "Sport England",
        "_id": "584802784d7b7e82691e4ba0"
      },
      {
        "title": "rosette",
        "_id": "58496a3e4d7b7e82691e4df4"
      },
      {
        "title": "quality",
        "_id": "58496a3c4d7b7e82691e4df3"
      }
    ]
  },
  "91eff25a3381ba2fa069f0c8e3093f2119e741dc.png": {
    "title": "diamond_430x430.png",
    "description": "diamond\r\n",
    "tags": [
      {
        "title": "diamond",
        "_id": "5847ffdd4d7b7e82691e4b94"
      },
      {
        "title": "EDSA",
        "_id": "5847ff354d7b7e82691e4b90"
      },
      {
        "title": "Sport England",
        "_id": "584802784d7b7e82691e4ba0"
      },
      {
        "title": "cleaning",
        "_id": "5847ffa04d7b7e82691e4b92"
      },
      {
        "title": "Refine",
        "_id": "5847ffcf4d7b7e82691e4b93"
      }
    ]
  },
  "91d7d44849aaa32d953399c315d3338572889c74.png": {
    "title": "ODI Burst theme colour",
    "description": "Takes the theme colour as it's background colour",
    "tags": []
  },
  "6ab98b5ebf05188c63a217fa1728fa3b3ee19f3d.png": {
    "title": "Lightbulb / Creativity_430x430",
    "description": "Business vector ",
    "source": "http://www.freepik.com/free-photos-vectors/business Transparent image",
    "licence": "CC-BY",
    "attribution": "Photoroyalty - Freepik.com",
    "tags": [
      {
        "title": "lightbulb",
        "_id": "584ecdba4e62ce485eb1454c"
      },
      {
        "title": "idea",
        "_id": "584ecdbb4e62ce485eb1454d"
      },
      {
        "title": "creativity",
        "_id": "584ecdbe4e62ce485eb1454e"
      },
      {
        "title": "Sport England",
        "_id": "584802784d7b7e82691e4ba0"
      },
      {
        "title": "transparent",
        "_id": "584ecdc44e62ce485eb1454f"
      }
    ]
  },
  "d7edbae9473f8716288c68ec603eaed28481808a.png": {
    "title": "connected",
    "description": "Business vector  ",
    "source": "http://www.freepik.com/free-photos-vectors/business",
    "licence": "CC-BY",
    "attribution": "Photoroyalty - Freepik.com",
    "tags": [
      {
        "title": "connected",
        "_id": "584ed53f4e62ce485eb14559"
      },
      {
        "title": "connection",
        "_id": "584ed53d4e62ce485eb14557"
      },
      {
        "title": "people",
        "_id": "584ed53e4e62ce485eb14558"
      },
      {
        "title": "social",
        "_id": "584ed5404e62ce485eb1455a"
      },
      {
        "title": "Sport England",
        "_id": "584802784d7b7e82691e4ba0"
      }
    ]
  },
  "7a60285b6b24a9a072771eb1b039c037a3b49ead.png": {
    "title": "website_430x430.png",
    "description": " Business vector designed  \n",
    "source": "http://www.freepik.com/free-photos-vectors/business",
    "licence": "CC-BY",
    "attribution": "http://www.freepik.com/free-photos-vectors/business",
    "tags": [
      {
        "title": "website",
        "_id": "584ed7124e62ce485eb14562"
      },
      {
        "title": "Money",
        "_id": "584806f34d7b7e82691e4bac"
      },
      {
        "title": "Sport England",
        "_id": "584802784d7b7e82691e4ba0"
      }
    ]
  },
  "2c892e598e3cfd41ff06c3b7a59a31ea49d13010.png": {
    "title": "target_550x370.png",
    "description": "Business vector ",
    "source": "http://www.freepik.com/free-photos-vectors/business",
    "licence": "CC-BY",
    "attribution": "Photoroyalty - Freepik.com",
    "tags": [
      {
        "title": "target",
        "_id": "584edb1b4e62ce485eb14568"
      },
      {
        "title": "mission",
        "_id": "584edb1c4e62ce485eb14569"
      },
      {
        "title": "bullseye",
        "_id": "584edb1e4e62ce485eb1456a"
      },
      {
        "title": "Sport England",
        "_id": "584802784d7b7e82691e4ba0"
      }
    ]
  },
  "edd9adfa60a0dc2b857d5e90a86fdf58f3287e66.png": {
    "title": "target_430x430.png",
    "description": " Business vector designed ",
    "source": "http://www.freepik.com/free-photos-vectors/business",
    "licence": "CC-BY",
    "attribution": " Photoroyalty - Freepik.com",
    "tags": [
      {
        "title": "target",
        "_id": "584edb1b4e62ce485eb14568"
      },
      {
        "title": "mission",
        "_id": "584edb1c4e62ce485eb14569"
      },
      {
        "title": "bullseye",
        "_id": "584edb1e4e62ce485eb1456a"
      },
      {
        "title": "Sport England",
        "_id": "584802784d7b7e82691e4ba0"
      }
    ]
  },
  "acf5fafa193ef4bb8815fd24cea76dc89bd93701.png": {
    "title": "comms_430x430.png",
    "description": "Business vector ",
    "source": "http://www.freepik.com/free-photos-vectors/business\n",
    "licence": "CC-BY",
    "attribution": "Photoroyalty - Freepik.com ",
    "tags": [
      {
        "title": "comms",
        "_id": "584edecc4e62ce485eb14570"
      },
      {
        "title": "marketing",
        "_id": "584edece4e62ce485eb14571"
      },
      {
        "title": "Communication",
        "_id": "5848000d4d7b7e82691e4b95"
      },
      {
        "title": "communications",
        "_id": "584edf034e62ce485eb14572"
      }
    ]
  },
  "b178208e9ffc0b61cd08a7c6f7a1543611c7d85d.png": {
    "title": "Sport England logo",
    "description": "Sport England logo",
    "tags": []
  },
  "86a681b57d12594816d4184f7772e603f5413623.png": {
    "title": "Dashboard",
    "description": "Business vector designed",
    "source": "http://www.freepik.com/free-photos-vectors/business",
    "licence": "CC-BY",
    "attribution": "Photoroyalty - Freepik.com ",
    "tags": [
      {
        "title": "Graph",
        "_id": "584802064d7b7e82691e4b9e"
      },
      {
        "title": "Cartoon",
        "_id": "584800d44d7b7e82691e4b9b"
      },
      {
        "title": "Cartoon Set 1",
        "_id": "5848025e4d7b7e82691e4b9f"
      },
      {
        "title": "Communication",
        "_id": "5848000d4d7b7e82691e4b95"
      },
      {
        "title": "computer",
        "_id": "587e3218b61c46e176e7e3ab"
      }
    ]
  },
  "487a92d1f0d603836df88c719b96ec30d2a6fad1.png": {
    "title": "Dashboard Narrative",
    "description": "Business vector ",
    "source": "http://www.freepik.com/free-photos-vectors/business",
    "licence": "CC-BY",
    "attribution": "Photoroyalty - Freepik.com ",
    "tags": [
      {
        "title": "Graph",
        "_id": "584802064d7b7e82691e4b9e"
      },
      {
        "title": "Design",
        "_id": "5848066f4d7b7e82691e4bab"
      },
      {
        "title": "Cartoon",
        "_id": "584800d44d7b7e82691e4b9b"
      },
      {
        "title": "Cartoon set 2",
        "_id": "584803c74d7b7e82691e4ba6"
      }
    ]
  },
  "4c16023cfb73e5b28757444d7d21515c96de1998.png": {
    "title": "education_550x370.png",
    "description": "Business vector ",
    "source": "http://www.freepik.com/free-photos-vectors/business",
    "licence": "CC-BY",
    "attribution": "Photoroyalty - Freepik.com ",
    "tags": [
      {
        "title": "education",
        "_id": "584fe2684e62ce485eb145b8"
      },
      {
        "title": "learning",
        "_id": "584fe26e4e62ce485eb145ba"
      },
      {
        "title": "books",
        "_id": "584fe26c4e62ce485eb145b9"
      },
      {
        "title": "text",
        "_id": "584fe28a4e62ce485eb145bd"
      },
      {
        "title": "Legal",
        "_id": "584811da4d7b7e82691e4bb6"
      },
      {
        "title": "papers",
        "_id": "584fe28f4e62ce485eb145be"
      },
      {
        "title": "Sport England",
        "_id": "584802784d7b7e82691e4ba0"
      }
    ]
  },
  "385bfb3f40afe3cafb5e9439bdee83b5537c32ad.png": {
    "title": "world_550x370.png",
    "description": "Business vector",
    "source": "http://www.freepik.com/free-photos-vectors/business",
    "licence": "CC-BY",
    "attribution": "Photoroyalty - Freepik.com",
    "tags": [
      {
        "title": "world",
        "_id": "584ff4d74e62ce485eb145c1"
      },
      {
        "title": "small world",
        "_id": "584ff4e04e62ce485eb145c3"
      },
      {
        "title": "connected",
        "_id": "584ed53f4e62ce485eb14559"
      },
      {
        "title": "social",
        "_id": "584ed5404e62ce485eb1455a"
      },
      {
        "title": "network",
        "_id": "584ff4d94e62ce485eb145c2"
      },
      {
        "title": "connection",
        "_id": "584ed53d4e62ce485eb14557"
      },
      {
        "title": "Sport England",
        "_id": "584802784d7b7e82691e4ba0"
      }
    ]
  },
  "34825f6bf6f9b89bc11be4a226a05985050c81ee.png": {
    "title": "Apps Narrative (430x430)",
    "description": ": Business vector ",
    "source": "http://www.freepik.com/free-photos-vectors/business",
    "licence": "CC-BY",
    "attribution": "Photoroyalty - Freepik.com ",
    "tags": [
      {
        "title": "Cartoon",
        "_id": "584800d44d7b7e82691e4b9b"
      },
      {
        "title": "Cartoon Set 1",
        "_id": "5848025e4d7b7e82691e4b9f"
      },
      {
        "title": "Tech",
        "_id": "5848043c4d7b7e82691e4ba8"
      },
      {
        "title": "Communication",
        "_id": "5848000d4d7b7e82691e4b95"
      },
      {
        "title": "phone",
        "_id": "58bec069d084d5167a04ae54"
      },
      {
        "title": "search",
        "_id": "588a0d89b61c46e176e7e8f4"
      }
    ]
  },
  "c0eca1e9dde2d00c75333a3690c8ba35d98c1d3c.jpg": {
    "title": "Services (550x370)",
    "description": "Services (550x370) services, delivery, demand",
    "source": "https://www.shutterstock.com/image-vector/colored-paper-pointers-signs-navigation-mapvector-154597898",
    "licence": "Shutterstock standard licence",
    "attribution": "Leone_V",
    "tags": [
      {
        "title": "Cartoon",
        "_id": "584800d44d7b7e82691e4b9b"
      },
      {
        "title": "Map",
        "_id": "584808d54d7b7e82691e4bae"
      },
      {
        "title": "points",
        "_id": "584ffe9f4e62ce485eb145dd"
      },
      {
        "title": "demand",
        "_id": "58bebc8dd084d5167a04ae33"
      },
      {
        "title": "service",
        "_id": "58bebca0d084d5167a04ae34"
      },
      {
        "title": "service delivery",
        "_id": "58bebca3d084d5167a04ae35"
      }
    ]
  },
  "6ff8a4063ef1ee22d903a5db21adb55e9b0549ac.png": {
    "title": "Megaphone (430x430)",
    "description": "Business vector designed ",
    "source": "http://www.freepik.com/free-photos-vectors/business",
    "licence": "CC-BY",
    "attribution": "Photoroyalty - Freepik.com ",
    "tags": [
      {
        "title": "Megaphone",
        "_id": "584800114d7b7e82691e4b96"
      },
      {
        "title": "Cartoon",
        "_id": "584800d44d7b7e82691e4b9b"
      },
      {
        "title": "Cartoon Set 1",
        "_id": "5848025e4d7b7e82691e4b9f"
      }
    ]
  },
  "d553a6fe306f6ca45946370dd8abe4f7372f610e.png": {
    "title": "Goal",
    "description": "Business vector",
    "source": "http://www.freepik.com/free-photos-vectors/business\n",
    "licence": "CC-BY",
    "attribution": "Photoroyalty - Freepik.com",
    "tags": [
      {
        "title": "goal",
        "_id": "585005d94e62ce485eb145fa"
      },
      {
        "title": "trophey",
        "_id": "585005dd4e62ce485eb145fb"
      },
      {
        "title": "cog",
        "_id": "585005e04e62ce485eb145fc"
      },
      {
        "title": "Cartoon",
        "_id": "584800d44d7b7e82691e4b9b"
      },
      {
        "title": "Cartoon Set 1",
        "_id": "5848025e4d7b7e82691e4b9f"
      },
      {
        "title": "medal",
        "_id": "58e62414d084d5167a04d3d9"
      }
    ]
  },
  "7f10fa9ab7f75c941335b3fd99bc178eb880ed7d.png": {
    "title": "Coding",
    "description": "Business vector \n",
    "source": "http://www.freepik.com/free-photos-vectors/business",
    "licence": "CC-BY",
    "attribution": "Photoroyalty - Freepik.com",
    "tags": [
      {
        "title": "technical",
        "_id": "584fe0c24e62ce485eb145b1"
      },
      {
        "title": "Coding",
        "_id": "58500abc4e62ce485eb1460f"
      },
      {
        "title": "Cartoon",
        "_id": "584800d44d7b7e82691e4b9b"
      }
    ]
  },
  "ef6c8121b41c85410905208e9319bfd4b58d7224.png": {
    "title": "Coding",
    "description": "Business vector ",
    "source": "http://www.freepik.com/free-photos-vectors/business",
    "licence": "CC-BY",
    "attribution": "Photoroyalty - Freepik.com ",
    "tags": [
      {
        "title": "Coding",
        "_id": "58500abc4e62ce485eb1460f"
      },
      {
        "title": "Tech",
        "_id": "5848043c4d7b7e82691e4ba8"
      },
      {
        "title": "Cartoon",
        "_id": "584800d44d7b7e82691e4b9b"
      }
    ]
  },
  "a504270596bccd50c7606befecc8b926320b60a8.png": {
    "title": "Strategy 550x370",
    "description": "Business vector ",
    "source": "http://www.freepik.com/free-photos-vectors/business",
    "licence": "CC-BY",
    "attribution": "Photoroyalty - Freepik.com",
    "tags": [
      {
        "title": "Cartoon",
        "_id": "584800d44d7b7e82691e4b9b"
      },
      {
        "title": "brain",
        "_id": "58500c7b4e62ce485eb1461e"
      },
      {
        "title": "cogs",
        "_id": "584fe0c34e62ce485eb145b2"
      },
      {
        "title": "idea",
        "_id": "584ecdbb4e62ce485eb1454d"
      },
      {
        "title": "Money",
        "_id": "584806f34d7b7e82691e4bac"
      },
      {
        "title": "people",
        "_id": "584ed53e4e62ce485eb14558"
      }
    ]
  },
  "4c0911bdfd84f6e6252c2115514a4d5653661c75.png": {
    "title": "Clipboard SE",
    "description": "Clipboard",
    "tags": [
      {
        "title": "Sport England",
        "_id": "584802784d7b7e82691e4ba0"
      },
      {
        "title": "Clipboard",
        "_id": "58500e264e62ce485eb14622"
      },
      {
        "title": "Summary",
        "_id": "58500e284e62ce485eb14623"
      },
      {
        "title": "Icon",
        "_id": "5848015e4d7b7e82691e4b9c"
      }
    ]
  },
  "301936c4e7d37e6647647b3c3e5a305f0ae8a56f.jpg": {
    "title": "process",
    "description": "process",
    "source": "https://www.shutterstock.com/image-vector/science-futuristic-internet-high-computer-technology-142601674?src=lb-36497927",
    "licence": "Shutterstock standard licence",
    "attribution": "vs148",
    "tags": []
  },
  "f4b7a83ca6a5ee395ea40ef51b5e6d07ac2e288e.jpg": {
    "title": "odi-005_accordian_large.jpg",
    "description": "Accordion people talking",
    "source": "https://www.shutterstock.com/image-illustration/large-group-people-shape-chat-bubblewhite-234353791",
    "licence": "Shutterstock standard licence",
    "attribution": "tai11",
    "tags": [
      {
        "title": "people",
        "_id": "584ed53e4e62ce485eb14558"
      },
      {
        "title": "talking",
        "_id": "588a0581b61c46e176e7e8c5"
      },
      {
        "title": "accordion",
        "_id": "588a0583b61c46e176e7e8c6"
      }
    ]
  },
  "5cda16d41ece8539808eabc1e3fb50eb755f9883.jpg": {
    "title": "Web of data",
    "description": "Web",
    "source": "http://www.shutterstock.com/pic-137240846",
    "licence": "Shutterstock standard licence",
    "attribution": "Anna Frajtova",
    "tags": [
      {
        "title": "Web",
        "_id": "5894ac57fda9f5660ad8424d"
      },
      {
        "title": "internet",
        "_id": "58948b02fda9f5660ad84217"
      },
      {
        "title": "things",
        "_id": "5894ac5bfda9f5660ad8424e"
      },
      {
        "title": "web of data",
        "_id": "58b5492cfda9f5660ad859a8"
      },
      {
        "title": "linked data",
        "_id": "58b5490efda9f5660ad859a5"
      },
      {
        "title": "social",
        "_id": "584ed5404e62ce485eb1455a"
      },
      {
        "title": "sms",
        "_id": "58dceb84d084d5167a04c1b2"
      }
    ]
  },
  "3b66beb92878268fd90bf52b67cb10c55f741f17.jpg": {
    "title": "bubbles process.jpg",
    "description": "bubbles process, 430 x 300",
    "source": "https://www.shutterstock.com/image-vector/flat-style-vector-icons-set-mobile-203239417",
    "licence": "Shutterstock standard licence",
    "attribution": "Ozerina Anna",
    "tags": [
      {
        "title": "bubbles",
        "_id": "589c74d3fda9f5660ad84a40"
      },
      {
        "title": "process",
        "_id": "588b345ab61c46e176e7e976"
      },
      {
        "title": "efficiency",
        "_id": "589c74d7fda9f5660ad84a41"
      },
      {
        "title": "structure",
        "_id": "589c74d9fda9f5660ad84a42"
      },
      {
        "title": "readiness",
        "_id": "58bebb7fd084d5167a04ae26"
      },
      {
        "title": "success",
        "_id": "58bebacad084d5167a04ae1f"
      }
    ]
  },
  "3488880e08a0f82ccdb3dfdc68791182b5919310.png": {
    "title": "computer money pounds",
    "description": "computer money pounds",
    "tags": [
      {
        "title": "computer",
        "_id": "587e3218b61c46e176e7e3ab"
      },
      {
        "title": "hand",
        "_id": "588b52abb61c46e176e7e9df"
      },
      {
        "title": "pounds",
        "_id": "58b6c7c2fda9f5660ad859ad"
      },
      {
        "title": "Money",
        "_id": "584806f34d7b7e82691e4bac"
      }
    ]
  },
  "12dba11d2ef6b173c94924c9e4d425cd861e6239.jpg": {
    "title": "Linked data web",
    "description": "Linked data web",
    "source": "http://www.shutterstock.com/pic-137240846",
    "licence": "Shutterstock standard licence",
    "attribution": "Anna Frajtova",
    "tags": [
      {
        "title": "Linked",
        "_id": "5848003c4d7b7e82691e4b9a"
      },
      {
        "title": "things",
        "_id": "5894ac5bfda9f5660ad8424e"
      },
      {
        "title": "Web",
        "_id": "5894ac57fda9f5660ad8424d"
      }
    ]
  },
  "7c1475d034cb3de18e7b927d189ddd5185822c67.jpg": {
    "title": "OE5NWM0.jpg",
    "description": "Employees looking at a colorful signpos",
    "source": "http://www.freepik.com",
    "licence": "CC-BY",
    "attribution": "D3Images / Freepik",
    "tags": []
  },
  "f476f3f4c685b49d3767079ce18a539ee8bbb892.jpg": {
    "title": "Cash machine keypad",
    "description": "Cash machine keypad",
    "source": "https://www.flickr.com/photos/catatronic/2160544145",
    "licence": "CC-BY-SA",
    "attribution": "William Grootonk",
    "tags": []
  },
  "4f3e720f0df8c5e9e8980551e0e4f1b499568325.jpg": {
    "title": "Keys",
    "description": "Keys",
    "source": "https://www.flickr.com/photos/aigle_dore/2781302649",
    "licence": "CC-BY",
    "attribution": "Moyan Brenn",
    "tags": []
  },
  "af22d29e3b0d0fcab8e38ee0d0c61b2c8a0ade54.jpg": {
    "title": "Open road",
    "description": "Open road",
    "source": "https://www.flickr.com/photos/aigle_dore/5849712695",
    "licence": "CC-BY",
    "attribution": "Moyan Brenn",
    "tags": []
  },
  "80b804f05b219a758f22b498158f901b5a638a94.png": {
    "title": "The Open Data Spectrum",
    "description": "The Open Data Spectrum (learning edition)",
    "source": "http://theodi.org",
    "licence": "CC-BY-SA",
    "attribution": "The Open Data Institute",
    "tags": []
  },
  "68ff9118580f0fca8fba1f64b34cf868afd2181d.jpg": {
    "title": "Open on spectrum from Tanzania",
    "description": "Open on spectrum from Tanzania",
    "source": "http://theodi.org",
    "licence": "CC-BY-SA",
    "attribution": "The Open Data Institute",
    "tags": []
  },
  "25938608af908a0b49bc84cd8a11689f7203a51c.jpg": {
    "title": "Employees looking at a colorful signpost",
    "description": "Employees looking at a colorful signpost",
    "source": "http://www.freepik.com",
    "licence": "CC-BY",
    "attribution": "D3Images / Freepik",
    "tags": []
  },
  "677d7326397675056792ef0a6e45ff881c10f712.jpg": {
    "title": "Cash",
    "description": "Cash",
    "source": "http://www.freepik.com",
    "licence": "CC-BY",
    "attribution": "Freepik",
    "tags": []
  },
  "bd1ebba8ea6091a57a538983563e09a940820ca3.jpg": {
    "title": "Brand",
    "description": "Brand",
    "source": "http://www.freepik.com",
    "licence": "CC-BY",
    "attribution": "Creativeart / Freepik",
    "tags": []
  },
  "b9d30918404536049764b634318cd1421fe04e37.jpg": {
    "title": "SE Business models 1",
    "description": "SE Business models 1",
    "source": "http://theodi.org",
    "licence": "CC-BY",
    "attribution": "The Open Data Institute",
    "tags": []
  },
  "def9663ca1dfc40a3553a6fd0bad3f4449064cb1.jpg": {
    "title": "SE Business models 2",
    "description": "SE Business models 2",
    "source": "http://theodi.org",
    "licence": "CC-BY",
    "attribution": "The Open Data Institute",
    "tags": []
  },
  "d1515088c0ab7db985d357d45a6b307a92fb58cd.jpg": {
    "title": "London transport bus",
    "description": "London transport bus",
    "source": "https://www.flickr.com/photos/alper/10482805973",
    "licence": "CC-BY",
    "attribution": "Alper Çuğun",
    "tags": []
  },
  "9299a6d8d0349aeb4d6d51275ded7729d17c8a0d.jpg": {
    "title": "SE Business models 3",
    "description": "SE Business models 3",
    "source": "http://theodi.org",
    "licence": "CC-BY",
    "attribution": "The Open Data Institute",
    "tags": []
  },
  "e6db9e14bbf2b0dd8598b4a75c96d729b95105db.jpg": {
    "title": "Runner activity",
    "description": "Runner activity",
    "source": "http://www.freepik.com/index.php?goto=74&idfoto=1052391&term=runner",
    "licence": "CC-BY",
    "attribution": "Freepik",
    "tags": [
      {
        "title": "runner",
        "_id": "58dce89dd084d5167a04c175"
      },
      {
        "title": "activity",
        "_id": "58dce89fd084d5167a04c176"
      }
    ]
  },
  "7df06e99d95bb53302e243fb7dabb6b5006c63c8.jpg": {
    "title": "Open road",
    "description": "Open road",
    "source": "https://www.flickr.com/photos/aigle_dore/5849712695",
    "licence": "CC-BY",
    "attribution": "Moyan Brenn",
    "tags": []
  },
  "c7850d3836e8a13fa424055620bd1086f97235ea.jpg": {
    "title": "Cash",
    "description": "Cash",
    "source": "http://www.freepik.com",
    "licence": "CC-BY",
    "attribution": "Freepik",
    "tags": [
      {
        "title": "Money",
        "_id": "584806f34d7b7e82691e4bac"
      },
      {
        "title": "cash",
        "_id": "58df77e7d084d5167a04c25e"
      }
    ]
  },
  "168853c0a47147e13d2dc80a40342372a4a63874.png": {
    "title": "Dar Es Salaam map",
    "description": "Dar Es Salaam map",
    "source": "http://www.openstreetmap.org/#map=19/-6.80164/39.25077",
    "licence": "CC-BY",
    "attribution": "Open Street Map contributors",
    "tags": []
  },
  "f15b36a3fb6a0dbc3a9936c8a1631cbdd3feac43.png": {
    "title": "Road map",
    "description": "roadmap",
    "source": "http://www.freepik.com",
    "licence": "CC-BY",
    "attribution": "Freepik",
    "tags": []
  },
  "392dee5ba8c1cceba7bd5a3089ab39b617add572.jpg": {
    "title": "Apple watch sport",
    "description": "Apple watch sport",
    "source": "https://www.flickr.com/photos/pestoverde/28956975733",
    "licence": "CC-BY",
    "attribution": "Maurizio Pesce",
    "tags": []
  },
  "09082c6def661df58aaab31ca882bd81f2ea3463.jpg": {
    "title": "take action",
    "description": "Swimmers, start, take action, sport",
    "source": "https://commons.wikimedia.org/wiki/File:Australian_swimmer_diving_off_starting_blocks.jpg",
    "licence": "CC-BY-SA",
    "attribution": "Australian Paralympic Committee",
    "tags": [
      {
        "title": "swimming",
        "_id": "594d4556d084d5167a0500d1"
      }
    ]
  },
  "4a7e49fc194729d0be456b82da1400f44d6d6a62.jpg": {
    "title": "take action (running)",
    "description": "runners, start, take action",
    "source": "https://www.flickr.com/photos/pdbreen/3363030321",
    "licence": "CC-BY",
    "attribution": "Patrick",
    "tags": [
      {
        "title": "runners",
        "_id": "594d471ad084d5167a0500d5"
      }
    ]
  }
}